no,tgl_iklan,url,harga,kota,LT,LB,KT,KM,KTP,KMP,carport,garasi,listrik,surat,judul,deskripsi
1,03-31-2021,https://www.rumah.com/listing-properti,682200000,Jakarta ,44,52,3,2,0,0,1,0,2200,SHM,"Rumah murah strategis KPR All in, 2 lantai premium","
Rumah Murah Dan Asri Dekat Pintu Tol Anti Banjir Dan Bisa KPR
MARKETING OFFICE RESMI
ALYA RESIDENCE - Batu Belah, Jagakarsa.
Rumah 13 kavling
2 ready type 2 lantai
11 Indent
HARGA KPR sudah Include pajak + biaya KPR

RUMAH 2 LANTAI (Indent)
Luas Tanah 44 m2
Luas Bangunan 52 m2
Kamar Tidur 3
Kamar Mandi 2
Carport 1 Mobil
Listrik 1300 watt
Ruang Cuci Jemur
SHM, IMB, PBB
Cash & KPR"
2,04-01-2021,"Dijual rumah bagus di Taman Modern cakung, Taman Modern, Jakarta Timur, DKI Jakarta, 5 Kamar Tidur, 162 m², Rumah dijual, Oleh Oka ., Rp 2,1 M, 18346218",2100000000,Jakarta ,162,200,4,2,1,1,0,1,3500,SHM,Dijual rumah bagus di Taman Modern cakung,"Dijual Rumah Bagus Di Taman Modern Cakung Jakarta Timur
Dijual rumah bagus di taman modern Cakung Jakarta Timur

Lt 9x18=162m2
Lb 200m2
Kt 4+1
Km 2+1
Pln 3500w
Pam
Ac 5unit,kitchen set
Hadap utara
Row jalan bisa 3mbl,bebas banjirrr....

Hrg 2,1M nego

#OK

HUBUNGI :

OKA LJ HOOKER
0878 7666 0972"
3,04-01-2021,"Rumah di Janur Asri, Kelapa Gading, Kelapa Gading, Jakarta Utara, DKI Jakarta, 4 Kamar Tidur, 200 m², Rumah dijual, Oleh Oka ., Rp 2,9 M, 18347105",2900000000,Jakarta ,102,200,4,2,1,1,1,1,3500,SHM,"Rumah di Janur Asri, Kelapa Gading","Rumah Di Janur Asri, Kelapa Gading
Dijual rumah diKlp Gading Janur Asri

Lt 6x17=102m2
2lantai
Kt 4+1
Km 2+1
Pln 3300w
Pam
Ac 3unit
Row jalan lebar bs dilalui 3mbl.
Shm
Hrg 2,9M nego
"
4,04-01-2021,"Harga Perdana Rumah 3 Lantai di The Heritage Residence Jakarta Barat, Karang Tengah, Cengkareng, Jakarta Barat, DKI Jakarta, 5 Kamar Tidur, 200 m², Rumah dijual, Oleh Muhammad Reza Faisal, Rp 3,2 M, 18305152",4900000000,Jakarta ,149,225,4,3,1,0,2,1,2200,SHM,Harga Perdana Rumah 3 Lantai di The Heritage Residence Jakarta Barat,"Rumah Mewah 3 Lantai Harga Perdana
Launch NOW ! 
GOLDLAND Group, developer properti sejak 1973 resmi luncurkan World's 1st Personalized House, By You :

HERITAGE RESIDENCE at Puri 11

Pertama di dunia, pembeli rumah bisa personalisasi fasad luar rumahnya dengan sangat mewah.

Lokasi super exclusive mudah dicapai melalui tol Kebon Jeruk, pintu tol : Karang Tengah.

▪︎Design rumah tropical resort
▪︎Super limited hanya 357 unit
▪︎Double Gate Way
▪︎Konsep cluster dengan ribuan pohon tropis
▪︎Sanitary all KOHLER
▪︎3 lantai, 4kt + 1 function room, 3 bath & maid room 
▪︎Private Sky Villa in all unit
▪︎Carpot 2 + 1
▪︎Canopy kaca di bawah & atas
▪︎Semi furnish : full kitchen cabinet + Modena & laminated wood parquette di semua room
▪︎Engraved smart door lock
▪︎Granite tile exclusive 80x80 / 60x120
▪︎Steril box Grab & Go Food
▪︎Jaringan fiber optic & listrik bawah tanah

Tipe :
1. THE 7 : 
▪︎tanah 7 x 12,55 (88m2)
▪︎bangunan besar 158m2
▪︎harga Rp 3,2M*

2. THE 7 CORNER :
▪︎tanah 9 x 12,55 (113m2)
▪︎bangunan besar 164m2
▪︎view 270 derajat
▪︎harga Rp 3,7M

3. THE 9 :
▪︎tanah 9 x 13,55 (122m2)
▪︎bangunan besar 220m2
▪︎double ceiling di ruang makan
▪︎harga Rp 4,5M*

4. THE 9 CORNER :
▪︎tanah 11 x 13,55 (149m2)
▪︎bangunan 225m2
▪︎double ceiling di ruang makan
▪︎view 270 derajat
▪︎harga Rp 4,9M*

*Harga cash termasuk PPN & belum termasuk diskon

Cara bayar :
▪︎cash & instal flat 12, 24, 36x
▪︎KPR 5%, 10%, 15%, 20% cicil 12x
▪︎KPR Express

Fasilitas :
▪︎Private Club House Ter-besar di Jakarta Barat & Karang Tengah, total luas 9.650m2
▪︎Joging dan bike area super besar dan panjang
▪︎Basket & Tenis court
▪︎Natural creek indah
▪︎Mini forest
▪︎Water Treatment Khusus

Raih sekarang NUP GOLD untuk pilih unit favorit, dapat harga awal, diskon besar & shopping voucher BoConcept. Pemilihan unit di 1 Mei 2021. 

HERITAGE RESIDENCE
Experience The Full Richness of Living at Puri 11."
5,04-01-2021,"Rumah Mewah Siap Huni Strategis Dekat Toll Jagakarsa Jakarta Selatan, Jagakarsa, Jakarta Selatan, DKI Jakarta, 5 Kamar Tidur, 180 m², Rumah dijual, Oleh Nurul Fatekhah, Rp 2,8 M, 18421775",2800000000,Jakarta ,120,180,4,3,1,1,2,0,2200,SHM,Rumah Mewah Siap Huni Strategis Dekat Toll Jagakarsa Jakarta Selatan,"10 Menit Menuju Toll Andara
FDL 2187RJ
Dijual cepat Rumah Mewah Siap Huni Lokasi Strategis Dekat Toll Jagakarsa Jaksel
Cluster dengan konsep One-Gate System (Security 24 jam)
Lokasi bebas banjir dan akses jalan mobil

Sale Point :
8 Menit ke RSUD Jagakarsa
10 Menit ke Toll Andara
15 Menit ke Toll Ampera
12 Menit ke Transmart Cilandak KKO
15 Menit ke Area CBD Simatupang
10 Menit ke Ragunan Zoo
20 Menit ke Highscope Indonesia School

Spesifikasi :
LT/LB : 120/180
KT/KM : 4+1/3+1
Lantai : 2
Air : Jetpump
Listrik : 2200watt
Tipe : Cluster
Status : Ready
Akses : 2 mobil
Surat : SHM, IMB
Hadap Rumah : Barat
Fasilitas Rumah : Carport, Instalasi AC, Instalasi Water Heater
Fasilitas Cluster : One gate System, Security 24H, CCTV.
Kondisi lingkungan : Bersih, Nyaman, Asri.
Row Cluster : 6m
Bisa Custom : tidak
Unit Tersedia : 2
Total Unit Keseluruhan : 12
Tahun Pembangunan : 2020

? Kenapa harus membeli rumah melalui Amanah Property :
– Legalitas rumah Lengkap dan Aman
– Kami Bantu KPR sampai dengan Akad
– Memiliki Tim Marketing Profesional yang tersertifikasi
– Memiliki Legalitas Resmi (CV)
– Menyediakan Interior berkualitas dengan harga terjangkau
– Menyediakan Konstruksi Bangunan Rumah dengan harga terjangkau
– Menyediakan taman, kanopi, pagar, teralis, dan kolam renang

Informasi dan Konsultasi
via Telpon WA untuk Fast Respon
Harap konfirmasi H-1 untuk jadwalkan survey ke lokasi

Jika berminat sebelum sold segera Booking
AMANAH PROPERTY
Agent Spesialis Jakarta Timur, Jakarta Selatan dan Depok"
6,04-01-2021,"5 Bedrooms Rumah Sunter, Jakarta Utara, DKI Jakarta, Sunter, Jakarta Utara, DKI Jakarta, 5 Kamar Tidur, 360 m², Rumah dijual, Oleh Eric Tukunang, Rp 5,9 M, 14368616",5900000000,Jakarta ,240,360,5,4,2,1,1,1,6600,SHM,"5 Bedrooms Rumah Sunter, Jakarta Utara, DKI Jakarta","Rumah Di Sunter Ukuran 12x20
Di Jual Rumah Sunter, LT 240 m2 (12x20), luas bangunan 360 m2, sertifikat hak milik, kamar tidur 5+2, kamar mandi 4+1, 2 lantai, garasi 1 mobil, carport 1 mobil, hadap selatan, listrik 6600 watt, air PAM, telepon 2 line, AC 6, harga Rp 6.500.000.000,-"
7,04-01-2021,https://www.rumah.com/listing-properti/dijual-cempaka-putih-ada-oleh-muji-asih-18418887,3700000000,Jakarta ,130,225,4,2,0,0,2,1,2200,SHM,Dijual rumah cluster mewah cempaka putih timur,"Dijual rumah cluster mewah cempaka putih timur
                                    Soft Launching ""

HADIR KEMBALI HUNIAN DI JAKARTA PUSAT

Banyaknya Permintaan Pembeli Tentang Rumah Yang Dapat memuat kamar lebih banyak terutama perumahan di Jakarta Pusat.

Maka kami Hadirkan Rumah dengan Luasan tanah dan bangunan yang cukup untuk sebuah keluarga dengan Rincian Sebagai Berikut :

- Kamar Tidur 4 Unit ( Kamar Tidur Utama1, 3 Kamar tidur anak.)

- Dapur

- Ruang tamu

- Kamar Mandi 2 unit

- Carport

- Taman



Rumah yang Ideal untuk sebuah keluarga. Tampilan Rumah Mewah dan Elegan.
 Didukung dengan spesifikasi bahan yang Bagus Kuat dan Tahan Lama.



Alamat Projec :

Jln Cempaka Putih Timur Kel Cempaka Putih Timur Kec Cempaka Putih Kota Jakarta Pusat

Akses 2 Mobil

LEGALITAS SERTIFIKAT HAK MILIK + IMB



Unit Terbatas !!!!

Hanya 2 Unit 

Siapa Cepat Dia Dapat



note : Dapat Rubah Tata Ruang karena Rumah Indent

Serah Terima Kunci 10 Bulan



Penjualan dalam jangka waktu 1 bulan Habis

Spesikasi Bahan dan Teknis :

Pondasi : Ceker Ayam ( Kekuatannya untuk 3 lantai )

Struktur beton bertulang

Pintu Kayu

Jendela Alumunium Fowder Coating 

Listrik 2200 watt

Plafond Hollow Gypsum

Closet Duduk American Standard

Rangka Atap Baja Ringan

Genteng Multi Roop

Air PDAM

Tersedia Instalasi AC

Lantai Granite 60 x 60"
8,04-01-2021,https://www.rumah.com/listing-properti/dijual-claster-town-house-10mnit-ke-mrt-lebak-bulus-p-lbu-oleh-fauzan-17198740,1200000000,Jakarta ,91,135,3,3,0,0,1,1,2200,SHM,Perumahan baru 10mnit ke mrt lebak bulus,"Perumahan baru 10mnit ke mrt lebak bulus
                                    perumahan baru TOWN HOUSE , pinggir jalan besar , 

Luas tanah ± 91M²

Luas bangunan ± 135M² 

Bangunan 2 lantai

Teras

Ruang tamu

Carport 1 mobil

Kamar tidur 3

Kamar mandi 3

Dapur

AC

Wifi 1 th

Listrik 2200

Ruang cuci jemur pakaian

Jalan bisa dilalui 2 mobil

Bebas banjir

Keamanan 24 jam

Sertifikasi SHM

____

Perumahan ini Berlokasi sangat strategis, karena: 

1. Hanya 2 km ke MRT lebak bulus, Point Square, Carefour Lebak bulus

2. Dekat dengan fasilitas pendidikan, seperti Lab school UMJ, sekolah 
Tinggi Ilmi ekonomi Ahmad Dahlan, Universitas Muhammadiyah Jakarta, 
Jakarta International School, BM 400 pondok indah dll.

3. Dekat fasilitas kesehatan, RS. Hermina, RS. Sari Asih, RS. Mayapada Lebak bulus dll.

4. dekat dengan sekolah ALPHARD



cara pembayaran :

- bisa kpr

- dp 0 %  

- bisa cash bertahap

- selisih KPR bisa di cicil 3 th
                                    "
9,04-01-2021,https://www.rumah.com/listing-properti/dijual-jagakarsa-town-house-oleh-arie-18374381,3200000000,Jakarta ,135,215,4,4,0,0,1,1,3500,SHM,Rumah baru Lux classik modern lokasi elite Jagakarsaa,"Rumah baru Lux classik modern lokasi elite Jagakarsaa
                                    Rumah Baru Lux klasik modern ( unit indent 8 bulan ada 3 unit rumah  Dalam Komplek DKI) 



Jagakarsa Jaksel 

Jln timbul blok H Jagakarsa Jaksel 

Akses 2mobil lebar



Luas tanah :135 meter 

Luas bangunan: 215M



( IDR  3,2 M /nego)



Kamar tidur 3+1

Kamar mandi 3+1

Dapur bersih + dapur kotor 

PRIVATE POOL

GARASI 1,Carpot 1

Lokasi strategi hanya beberapa meter ke jl raya

*LOKASI DEKAT KAMPUS  APP ,ISTN,PANCASILA

*LOKASI DEKAT SARANA UMUM 

*LOKASI DEKAT PINTU TOL ,kukusan ,brigib ,Desari 

*LOKASI DEKAT JL TB SIMATUPANG

*BEBAS BANJIR AMAN NYAMAN

*LOKASI SANGAT STRATEGIS

*LOKASI DEKAT DENGAN SARANA KESEHATAN

*Dekat ke kampus UI ,

*Dekat stasiun pancasila

*Dekat Cilandak kko
                                    "
10,04-01-2021,https://www.rumah.com/listing-properti/dijual-kedoya-baru-oleh-andre-tjhia-18026169,2500000000,Jakarta ,178,90,4,4,0,0,1,1,2200,SHM,"Andre Tjhia- Kedoya Baru dkt sunrise, puri indah, 3 lantai, murah","Andre Tjhia- Kedoya Baru dkt sunrise, puri indah, 3 lantai, murah
                                    Kode Listingan : RJ3113AT20        

( Mohon Sebutkan Kode Listing atau Capture iklannya)        

        

Luas Tanah                                  : 90 m² / 6x15

Luas Bangunan                          : 178 m² ( 3 lantai )

Luas Bangunan                          : 3+1

Kamar Mandi                              : 3+1

Sertifikat        : SHM

Hadap        : 

        

Jarang ada yang jual dan lokasi langka        

Akses tanah dekat dengan Pintu Masuk dan Keluar tol        

Sertifikat dan surat lain nya lengkap        

        

Andre Tjhia,  Andre Tjhia,  Andre Tjhia         

* Siap membantu Anda *        

        

Hub. ANDRE TJHIA (nego pemilik)        

0819 9523 5999 & 0812 817 2060
                                    "
11,04-01-2021,https://www.rumah.com/listing-properti/dijual-puri-mansion-oleh-andre-tjhia-17916617,3400000000,Jakarta ,120,160,5,4,0,0,1,1,2200,SHM,Puri Mansion,"Andre Tjhia- Puri Mansion depan taman dan kolam, Puri Indah Puri Media
                                    Kode Listingan : RJ2997AT20        

( Mohon Sebutkan Kode Listing atau Capture iklannya)        

        

Luas Tanah                                  : 120 m² / 8x15

Luas Bangunan                          : 160 m² (2 lantai)

Kamar Tidur                                : 4+1

Kamar Mandi                              : 3+1

Sertifikat        : SHM

Hadap        : Timur Utara

        

Jarang ada yang jual dan lokasi langka        

Akses tanah dekat dengan Pintu Masuk dan Keluar tol        

Sertifikat dan surat lain nya lengkap        

        

Andre Tjhia,  Andre Tjhia,  Andre Tjhia         

* Siap membantu Anda *        

        

Hub. ANDRE TJHIA (nego pemilik)        

0819 9523 5999 & 0812 817 2060
                                    "
12,04-01-2021,https://www.rumah.com/listing-properti/dijual-rumah-dalam-cluster-oleh-eva-tha-17701579,1900000000,Jakarta ,192,150,3,2,1,1,0,1,10000,SHM,Rumah dalam Cluster,"Dijual rumah dalam Cluster di Cibubur
                                    Dijual rumah dalam Cluster di Cibubur



Luas tanah 192m²

Luas bangunan 150m²

Bangunan 2 lantai 

Kamar tidur 3+1

Kamar mandi 2+1

Full AC 

Posisi Hook

SHM 

Rumah baru belum pernah di tempati 

Daya listrik 10rb 

Air tanah



Harga 1,9 M nego



*Lingkungan asri nyaman sejuk

*Keamanan One gate system

*4n4/RiaF
                                    "
13,04-01-2021,"Devandra Pro, Rumah Baru Termurah Area Rawamangun Siap Huni Persiapan Lebaran Harga Nego, Jalan C Perikani Area Rawamangun, Rawamangun, Jakarta Timur, DKI Jakarta, 4 Kamar Tidur, 105 m², Rumah dijual, Oleh Dodi Priyanto, Rp 2,2 M, 18409911",2200000000,Jakarta ,114,105,4,3,0,0,1,0,4400,SHM,"Devandra Pro, Rumah Baru Termurah Area Rawamangun Siap Huni Persiapan Lebaran Harga Nego","Jual Cepat Rumah Baru Siap Huni Area Rawamangun Termurah Tanah Luas
Rumah Baru Termurah di Jalan C Perikani Cipinang Rawamangun Jakarta Timur hanya 2unit. Stok Limited

LT : 114m2
LB : 105m2
KT : 4
KM : 3
Listrik : 2200
Hadap : Utara

SellingPoint:
Radius 2KM ke jalan bypass
Radius 2KM ke Pintu tol Rawamangun (tol dalam kota)
Sekolah dalam radius 2KM: SMP SMA Labschool Rawamangun, UNJ, SDN IKIP, Al Azhar Rawamangun

Material
Pintu : Full JATI
Keramik : Granit 80x80
Dinding : hebel
Keramik kmr mandi : Full granit
Plafon : holow galvanish gypsum jayaboard
Genteng : flat beton Mutiara
Sanitary : closet Toto
Keran : Toto ina jaya
Aksesoris listrik : Nero
Kusen : alexindo 3""
Kunci : Paloma
Cat : Mowilex

Harga 2,2M nepis

Minat serius
Hub Dodi
0812-9404-7613
0815-8503-2651"
14,04-01-2021,"Bougenville Residence, Cipayung, Jakarta Timur, DKI Jakarta, 2 Kamar Tidur, 36 m², Rumah dijual, Oleh Eko Sunoto Susilotomo, Rp 642 jt, 18059068",642000000,Jakarta ,55,36,2,0,0,0,0,0,1300,SHM,Bougenville Residence,"Perum Syariah Lokasi Strategis Jakarta Timur Dekat Tol Dan Agrowisata
Insya Allah telah hadir perumahan dengan konsep Syariah Di Kota Jakarta Timur!

Apa Yang Membuat Kami Berbeda?

Insya Allah ini adalah Hunian dengan cara kepemilikan sesuai syariah Islam tanpa RIBA.

Tahukah Anda dosa riba itu?
“Riba memiliki 73 pintu. Dosa yang paling ringan adalah seperti dosa seseorang yang menzinahi ibu kandung sendiri”
-HR. Al-Hakim dan Al-Baihaqi-
Naudzubillah min dzalik.

Jika anda sungguh-sungguh ingin memiliki hunian yang 100% Syariah:
* Tanpa Riba
* Tanpa Sita
* Tanpa Akad Bathil
* Tanpa Denda
* Tanpa Penalti
* Tanpa BI Checking,
maka kini saatnya giliran Anda untuk memiliki hunian syariah di Bougenville Residence Cilangkap.

Perumahan dengan Konsep Syariah. Lokasi Strategis Dekat Gerbang Tol, Terminal, dan Taman Agrowisata. Lingkungan masih asri. Terdapat 35 unit rumah yang dipasarkan. Bisa customized layout dan type 2 lantai.


Fasilitas
✅ One Gate System,
✅ Security 24 jam

Keunggulan Lokasi
✅ ± 12 Menit Gerbang Tol Setu Cilangkap,
✅ ± 15 Menit Terminal Kampung Rambutan,
✅ ± 15 Menit Taman Mini Indonesia Indah,
✅ ± 3 Menit Taman Agro Wisata Cilangkap,
✅ ± 4 Menit Masjid Hijau Nurul Iman Cilangkap,
✅ ± 3 Menit Pom Bensin VIVO Cilangkap,
✅ ± 7 Menit MC Donald Cipayung,
✅ ± 2 Menit ke Balai Besar POM Jakarta,



Tersedia
Rumah type 36/50 s/d 36/80
Harga mulai Rp 600 jt-an

Pembayaran Cash dan KPR Syariah. (Cek Agen apakah Skema KPR masih berlaku)

Dahsyat Bukan?

Tertarik?
Penasaran?

Segera hubungi :
Kami"
15,04-01-2021,"Kafi Terrace, Jl Mohammad Khafi 1 Ciganjur Jakarta Selatan, Ciganjur, Jakarta Selatan, DKI Jakarta, 3 Kamar Tidur, 278 m², Rumah dijual, Oleh Petty Feilnanti, Rp 5,9 M, 17895054",5900000000,Jakarta ,350,278,3,0,0,0,2,0,2200,SHM,Kafi Terrace,"Jual Rumah Kafi Teras
Jual Rumah di Kafi teras
Sarana & Prasarana
Pendingin Ruangan
Balkon
Kamar Tidur
Furnitur Ruang Makan
Garasi
Furnitur Ruang Keluarga
Kolam Pribadi"
16,04-01-2021,"Rumah MURAH Jagakarsa, FREE BIAYA BIAYA, CALL 0812-93734-4148. BEBAS BANJIR, BEBAS LONGSOR, Jl. Setu Babakan Jagakarsa, Jagakarsa, Jakarta Selatan, DKI Jakarta, 3 Kamar Tidur, 90 m², Rumah dijual, Oleh Asep Eri Saptari, Rp 1,21 M, 17244871",1210000000,Jakarta ,87,90,3,0,0,0,1,0,2200,SHM,"Rumah MURAH Jagakarsa, FREE BIAYA BIAYA, CALL 0812-93734-4148. BEBAS BANJIR, BEBAS LONGSOR","Dekat Ke Akses Tol Cijago Dan Brigif, Parkir Luas 2 Mobil
CLUSTER SETU BABAKAN
Dijual Rumah di Cluster Exclusive & Limited Siap Bangun dgn Pemandangan Indahnya Danau & Hijaunya Pepohonan, Area Hijau Seluas 30 HA
Kenapa harus Memilih Rumah Dijual Marwah Regency ???
1. Security 24 Jam
2. Two Gate System
3. Akses 2 Mobil dgn Akses 3 Jalan yang mudah
4. Sarana Joging Track, Memancing & Bersepeda yg Luas Mengelilingi Danau yg Dikelilingi Pepohonan Hijau nan Indah Berseri (Ruang Terbuka Hijau yang Luas)
5. Lingkungan Aman Nyaman
6. Lokasi Super Strategis
10 Menit ke Tol Brigif - Andara & Tol Cijago
10 Menit ke Stasiun UP, Stasiun LA & St. UI
3 Menit ke Masjid Nurul Irfan, Kolam Renang
Batoe, Hall Badminton, Puskesmas Kelurahan & Sekolah Al Azhar Assyarif & Pom Bensin.
5 Menit ke ISTN, APP, STTL & Polsek Jagakarsa
6 Menit ke RS Andika, RS Sibroh
7 Menit ke Pasar Timbul & Puskesmas Kecamatan Jagakarsa.
Dan Masih Banyak Lagi Fasilitas Umum yg Terdekat.
Spesifikasi Bangunan ;
1. Pondasi Beton Bertulang
2. Dinding Bata Hebel
3. Kusen Alumunium
4. Daun Pintu Campert
5. Cat Luar : Dulux / setara
6. Cat Dalam : Dulux / Setara
7. Rangka Atap Baja Ringan
8. Genteng Beton Cisangkan / setara
9. Lantai Granite 60 X 60
10. Keramik Kamar Mandi Roman / setara
11. Closet TOTO / setara
12. Listrik 2200
13. Air Sumur Bor

BONUS :
1. Asuransi Rumah
2. CCTV Lingkungan
3. Internet Gratis
4. Torent
5. Kanopi
6. Kitchen Set

System Pembayaran :
- Cash Keras
- KPR Bank Syariah (BSM,BTNS,BNIS)
Pilihan Luas Bangunan Rumah Dijual:
Luas 45m2 (1 Lantai) & 90m2 (2 Lantai)
Pilihan Luas Tanah Kavling Rumah Dijual:
69m2/ 70m2/ 71m2/ 72m2/ 75m2/ 77m2/ 79 m2/ 80m2/ 82m2/ 87m2/ 88m2/ 93m2/ 95m2
Lebar Muka Kavling :
6,10 m2/ 6,50 m2/ 7,00 m2/ 7,75 m2/ 8,00 m2
- Tersedia Tanah Kavling Dijual saja dgn Harga 8,5jt/m2"
17,04-01-2021,"Metland Cyber City, Metland Cyber City, Meruya, Jakarta Barat, DKI Jakarta, 3 Kamar Tidur, 70 m², Rumah dijual, Oleh Purwadi ., Rp 1,8 M, 18151755",1800000000,Jakarta ,72,70,3,2,0,0,1,0,0,SHM,Metland Cyber City,"Rumah 2 Lantai Metland Puri Indah Harga 1.8M Harga Perdana
Dengan ini Metland Cyber City mempersembahkan :
*KAWASAN MODERN ""RUMAH dan RUKO TERBARU""

Lingkungan asri dan hijau dipenuhi dengan pohon taman cluster

Keunggulan Metland Cyber City :
- Kawasan di Boulevard Utama Row 24 Meter
- Suasana Kawasan Romantis
- Sports Club dan Kolam Renang
- 1 Car Port
- 2 Lantai, 3 Kamar Tidur, 2 Kamar Mandi (1 Kamar Mandi di tiap lantai)
- CCTV Kawasan
- Keamanan kawasan 24 jam
- RS Internasional Mandaya (Singapore)
- Toll Jagorawi Exit Karang Tengah

Ada 150 unit rumah dan 30 unit ruko:
Kisaran Harga:

150 Rumah:
- Lebar 6 x 12 = Rp 1.8
- Lebar 7 x 12 = Rp 2
- Lebar 8 x 12 = Rp 2.5

30 Ruko 3 lantai, ukuran 4.5 x 15 harga Rp 3.7 M

Hubungi: PURWADI
081517284575"
18,04-01-2021,"Dijual cepat rumah second clasik, jl.batu.ampar 3, Condet, Jakarta Timur, DKI Jakarta, 6 Kamar Tidur, 300 m², Rumah dijual, Oleh Ris marlina, Rp 3,5 M, 18016223",3500000000,Jakarta ,150,300,5,5,1,1,2,0,3500,SHM,Dijual cepat rumah second clasik,"Dijual Rumah Cepat Second Clasik Condet
Di jual rumah mewah Classik second 2 lantai di dalam cluster diperumahan callista regemcy .condet jaktim

Harga 3.5 M Nego
LT. 150
LB. 300
K.tidur 5 +1
K.mandi 5+1
Listrik 3500 watt
Air jet pump
Carport 2 Kramik Granit Semi furnish
Shm + imb Cash / kpr

Selling poin:
@ Akses 2 mobil
@Bebas banjir
@squrity 24 jam
@ CCTV
@ Dekat sarana pendidikan
@ Dekat akses toll

meetingpoin:
Yayasan Alkhairot"
19,04-01-2021,"Metland Cluster Oxalis, Metland Puri, Puri Indah, Jakarta Barat, DKI Jakarta, 3 Kamar Tidur, 53 m², Rumah dijual, Oleh Purwadi ., Rp 900 jt, 18208811",900000000,Jakarta ,50,53,3,2,0,0,0,0,0,SHM,Metland Cluster Oxalis,"Rumah 2 Lantai Metland Puri Indah Oxalis Harga Perdana
Perumahan Oxalis adalah Perumahan yang mempunyai sistem Cluster dan terletak didalam Kawasan Super Block Metland Puri.

Metland Puri merupakan Kawasan Super Block yang terletak di Samping Jakarta Barat dan Bersebelahan dengan Perumahan Green Lake City serta mempunyai Akses keluar Masuk Toll Karang Tengah (Jakarta-Tangerang-Jakarta).

Hubungi: PURWADI
081517284575"
20,04-01-2021,"RUMAH BARU INERBANG, JL. INERBANG, Kramat Jati, Jakarta Timur, DKI Jakarta, 2 Kamar Tidur, 45 m², Rumah dijual, Oleh Ris marlina, Rp 785 jt, 17671519",785000000,Jakarta ,53,45,2,1,0,0,0,0,1300,SHM,RUMAH BARU INERBANG,"Di Jual Rumah Baru ( Indent ) Di Inerbang Kramat Jati
Di jual rumah inden 1 lantai daerah kramatjati condet jaktim.
Sisa 3 unit, free biaya surat "" kecuali pajak pembeli Air jet pump, Surat SHM + IMB , Bisa Cash / KPR Bank BSM
Selling poin :
@ dekat sarana pendidikan TK. SD.SMP dan SMA
@ dekat halte buswey TMII
@ dekat universitas
@ dekat pintu toll TMMI dan toll Tb simatupang
@ bebas banjir
@ akses 1 mobil ket 50 meter ke jln raya
- Metting poin Alfamidi jln impres 1"
21,04-01-2021,https://www.rumah.com/listing-properti/dijual-dijual-cepat-rumah-bagus-2-lantai-di-kelapa-gading-dlm-kompleks-ekslusif-dekat-penabur-oleh-adhitya-17943018,6300000000,Jakarta ,187,300,5,4,0,0,0,0,7700,SHM,Dijual Cepat! Rumah Bagus 2 lantai di Kelapa Gading dlm kompleks ekslusif dekat penabur,"Rumah Minimalis 2 Lantai Di Kompleks Ekslusif Dekat Penagur Dan Mkg
Dijual Cepat!
Rumah Bagus 2 lantai di Kelapa Gading
dlm kompleks ekslusif
dekat penabur

dilengkapi dengan 5 kamar tidur
ukuran 11x17m"
22,04-01-2021,https://www.rumah.com/listing-properti/dijual-rumah-concerto-golf-island-pik-pantai-indah-kapuk-jakarta-utara-oleh-jimmy-16644603,3600000000,Jakarta ,120,200,3,3,0,0,1,0,4400,SHGB,Rumah concerto golf island pik pantai indah kapuk Jakarta Utara,"Dijual Cepat Rumah Concerto Golf Island Pik Pantai Indah Kapuk Jakarta
Dijual CEPAT Rumah concerto golf island pik pantai indah kapuk Jakarta Utara
Ukuran 8x15
2 lantai
3kt dan 3km
Lantai marmer
Rumah baru serah terima kunci

Loh Jimmy
0817774656
08999166619
087889894655

Contractor (terima renovasi bangun rumah ruko gudang dll)
Interior design, cctv, kanopi"
23,04-01-2021,https://www.rumah.com/listing-properti/dijual-dijual-cepat-rumah-bagus-2-lantai-di-muara-karang-blok-9-lok-favorit-dkt-tol-oleh-adhitya-17889056,4500000000,Jakarta ,160,250,3,3,0,0,1,0,3500,SHM,"Dijual Cepat! Rumah bagus 2 lantai di muara karang blok 9, lok favorit, dkt tol","Rumah Bagus 2 Lantai Di Muara Karang Blok 9, Lok Favorit, Dkt Tol
Dijual Cepat!
Rumah 2 lantai
di Muara Karang Blok 9
Blok Favorit
jalan lebar

dekat taman, lingkungan tenang dan nyaman

lokasi strategis
dekat akses tol

bebas banjir

ukuran 8x20m
sudah full renovasi
sudah baja ringan
ada 3 kamar tidur"
24,04-01-2021,https://www.rumah.com/listing-properti/dijual-pantai-mutiara-oleh-adhitya-18388372,20000000000,Jakarta ,576,800,4,6,0,0,0,0,10600,Hak Pakai,pantai mutiara,"Rumah Bagus 2 Lantai Di Pantai Mutiara Lingkungan Tenang Dekat Taman
Dijual Cepat!
Rumah 2 lantai di Pantai Mutiara
lingkungan tenang dan nyaman

luas 576m2
luas bangunan 800m2

dilengkapi dengan 4 kamar tidur
kondisi furnished

harga negotiable

utk info lanjut, hub:
Gou Adhitya
Ray White Tomang

Mau properti Anda terjual juga?
Kami siap bantu!"
25,04-01-2021,https://www.rumah.com/listing-properti/dijual-jual-murah-rumah-mewah-di-jalan-thamrin-jakarta-pusat-oleh-susanty-bachtiar-17721881,96000000000,Jakarta ,700,2000,1,8,0,0,9,1,66000,SHM,Jual Murah Rumah Mewah di Jalan Thamrin Jakarta Pusat,"Lokasi Dekat Perkantoran Sangat Strategis, Aman Dan Nyaman.
Rumah dekat dengan perkantoran, berjarak 100m dari station MRT dukuh Atas, berjarak 200m dari station BNI sudirman, berjarak 100m dari jalan Thamrin. Rumah bisa di bangun untuk 7 lantai. Lokasi sangat bagus ditengah pusat kota Jakarta."
26,04-01-2021,https://www.rumah.com/listing-properti/dijual-6-bedrooms-rumah-menteng-jakarta-pusat-dki-jakarta-oleh-ali-12832331,15000000000,Jakarta ,276,260,6,4,0,0,2,1,8000,SHM,"6 Bedrooms Rumah Menteng, Jakarta Pusat, DKI Jakarta","Rumah Lokasi Strategis Di Menteng, Jakarta Pusat
Dijual rumah di Pegangsaan, Menteng, Jakarta Pusat.
SHM, IMB, 1.5 lantai, LT 276m2/LB 260m2.
6+1 KT, 4 KM, taman, garasi 1 mobil, carport 2 mobil.
Harga Rp. 15.000.000.000,- Nego

Peminat serius, hubungi: ALI
081296290750
WA 087781545288
Untuk survey, harap konfirmasi terlebih dulu."
27,04-01-2021,https://www.rumah.com/listing-properti/dijual-cluster-3-lantai-full-furnish-akses-jalan-2-mobil-terbukti-bebas-banjir-oleh-dhea-ananda-18220429,2200000000,Jakarta ,170,170,4,4,0,0,2,0,3500,SHM,"CLUSTER 3 Lantai Full Furnish, Akses Jalan 2 Mobil, Terbukti Bebas Banjir","Desain Dan Layout Rumah Bisa Custom Sesuai Keinginan, Bisa KPR Syariah
Cluster Minimalis 3 Lantai di Rawamangun Jakarta Timur
Desain Modern Masa Kini
Bisa Request Full Furnish
Dan Banyak bonus lainnya
Keamanan Terjamin Dengan One Gate System,
Lokasi Strategis Dekat Dengan Tol Dan Pusat Niaga,
Unit Terbatas Hanya 7 Unit (sisa 5 Unit)

BONUS !!
Instalasi AC 3 Unit
Water Heater 2 Unit
Free 1 Year IPL

Lokasi Terbaik :
- 5 menit Halte busway imigrasi jakarta timur
- 7 menit ke Stasiun Jatinegara
- 10 menit ke Tip Top
- 10 menit ke Mall Arion
- Dekat Tol Rawamangun & LRT Veloodrome
- Dekat RS Persahabatan
- Dekat Sekolah Al Azhar, Tarakanita, Lab School
- Dekat Golf Rawamangun, Veloodrome

Ada 2 Type yg Tersedia
Blok ABC :
LT 74 / LB 150
K. Tidur 3 + 1
K. Mandi 3 + 1
Harga Rp 2.3,- M

Blok DE :
LT 78 / LB 170
K. Tidur 3 + 1
K. Mandi 3 + 1
Harga Rp 2.4,- M

Cara Bayar :
Cash
Cash Bertahap 8 bln
KPR Min Dp.20% BTN & BSI (Bank Syariah Indonesia)
Booking Fee 25 jt
Info Lengkap Call/WA fast respon 081289299785 (Dhea)
WATER HEATER"
28,04-01-2021,https://www.rumah.com/listing-properti/dijual-dijual-rumah-murah-cantik-minimalis-400-jutaan-shm-di-cempaka-putih-jakarta-pusat-oleh-felicia-wijaya-18311164,495000000,Jakarta ,20,35,2,1,0,0,0,0,2200,SHM,Dijual Rumah Murah Cantik Minimalis 400 Jutaan SHM di Cempaka Putih Jakarta Pusat,"Hunian Nyaman Minimalis Di Cempaka Putih Timur Jakarta Pusat
Townhouse Cempaka Putih Timur

Rumah baru 2 lantai konsep Modern Townhouse lokasi sangat strategis di Jakarta Pusat dekat dengan area bisnis, akses transportasi sangat mudah. Pilihan tepat untuk rumah tinggal di pusat kota Jakarta dengan harga terjangkau dan akses tak terbatas, atau sebagai investasi anda yang sangat menguntungkan di masa depan.

UNIT TERBATAS!! Boleh request ubah tata ruang.

Start Price : Rp 495 Juta s/d 575 Juta
Payment Metode : Cash Bertahap & KPR
Surat Kepemilikan: SHM
Booking Fee : Rp 10 Juta

Luas Tanah & Bangunan :
Luas tanah 20 m2 s/d 24 m2
Luas bangunan 35 m2 s/d 38 m2

Spesifikasi:
 2 Lantai
 2 Kamar tidur
 1 Kamar mandi
 1 Ruang keluarga
 1 Dapur
 Dinding hebel double
 Pondasi plat beton
 Lantai granit 60x60
 Rangka atap baja ringan
 Plafon gypsum
 Jendela aluminium
 Genteng metal multiroof
 Closet duduk
 Keran + shower 1 line
 Wastafel
 Exhaust fan
 Glass box + Looster
 Instalasi water heater
 Instalasi AC
 Listrik 2200 watt
 Air PDAM + pompa

Tersedia project strategis lainnya :
- Cempaka Putih Timur, Jakpus
(Harga mulai Rp 1.5 Milyar)
ADA Carport

- Gudang Peluru Tebet, Jaksel
(Harga mulai Rp 1.1 Milyar)
ADA Carport

- Rawa Tengah, Jakpus
(Harga mulai Rp 300 jtan)
Tanpa Carport

- Kepu 6, Jakpus
(Harga mulai Rp 400 jtan)
Tanpa Carport

- Kepu Dalam 7, Jakpus
(Harga mulai Rp 400 jtan).
Tanpa Carport

- Cempaka Putih Timur MHT, Jakpus
(Harga mulai Rp 400 jtan)
Tanpa Carport

- Utan Kayu, Jaktim
(Harga mulai Rp 295 jtn)
Tanpa Carport

- Johar 6, Jakpus
(Harga mulai Rp 600 jtan)
ADA Carport

- Kayumanis Pramuka, Jaktim
(Harga mulai Rp 500 jtan)
ADA Carport

- Cempaka Putih Barat, Jakpus
(Harga mulai Rp 600 jtan)
ADA Carport

- Percetakan Negara, Jakpus
(Harga mulai Rp 600 jtan)
ADA Carport

# READY 1 unit SIAP HUNI :
- Cikini Menteng, Jakpus
(Harga Rp 1.78 Milyar)
ADA Carport


More Info (WA/Call) :
FELICIA
0812-1000-8972"
29,04-01-2021,https://www.rumah.com/listing-properti/dijual-rumah-cantik-harga-murah-di-condet-oleh-nanik-yulia-ariani-17099768,2250000000,Jakarta ,231,200,4,3,0,0,3,0,4400,SHM,Rumah Cantik Harga Murah di Condet,"Siap Huni Cantik Ada Cctv Dan Ruang Kedap Suara
Rumah 1 lantai rangka atap baja ringan
Ada kompor tanam
Kitchen Set bahan pilihan
Ada mini bar
Dapur bersih dan dapur kotor
Kokoh
Ruangan Kedap suara
Ada CCTV
Water heater sollarhart"
30,04-01-2021,https://www.rumah.com/listing-properti/dijual-jual-cepat-rumah-siap-huni-pulomas-oleh-sukhawati-17747012,3500000000,Jakarta ,160,250,4,3,0,0,2,0,3500,SHM,jual cepat rumah siap huni pulomas,"Rumah Dijual Pulomas Murah
- Kondisi rumah masih sangat bagus
- hanya 5 menit menuju pintu tol dalam kota
- dekat dengan sekolah seperti donbosco, tugasku, global sevila, smp99, smun21,dll"
31,04-01-2021,https://www.rumah.com/listing-properti/dijual-lumihous-fully-furnish-kota-wisata-cibubur-oleh-muhammad-zen-17967546,880000000,Jakarta ,70,57,3,2,0,0,2,0,2200,SHM,Lumihous Fully Furnish Kota Wisata Cibubur,"Lumihous Kota Wisata Cibubur Smart Home
Pertama di Cibubur untuk yang Muda dan berJiwa Muda, dengan 3 KT + 2 KM + 1 Productive Space, dilengkapi dengan berbagai Signature Features seperti :

Signature Concepts :
• Free Full Furnished
• Compact yet Modern Style
• Glass Wall Living Room
• Smart Furniture
• Smart Home System

Signature Facilities :
• Green Wall Lounge
• 5 Rumah Sakit
• 6 Mall
• 5 Sekolah berstandard Nasional & Internasional
• Commercial Area (Supermarket, Fresh Market, Pertokoan)
• Sarana Olahraga, Rekreasi dan masih banyak lagi

Signature Location & Access :
• 2 Menit ke Gerbang Tol Cimaci - Kota Wisata (In & Out)
• 1 Menit ke Jalan Alternatif Transyogi
• 10 Menit ke Tol Jagorawi & LRT


Specification:
Building Size : 0m2
Land Size : 60m2


Other Facilities:
Built-In Wardrobes,Close to Schools,Close to Shops,Close to Transport,Garden"
32,04-01-2021,https://www.rumah.com/listing-properti/dijual-rumah-siap-huni-model-minimalis-semi-furnished-oleh-bahar-mualim-18167490,3700000000,Jakarta ,195,250,4,4,0,0,1,0,4400,SHM,Rumah Siap Huni model Minimalis semi furnished,"Rumah Mewah Cantik Siap Huni Murah
Rumah minimalis siap huni desain minimalis dijual cepat. DIJAMIN SUKA
Lokasi dijamin bebas banjir.

Rumah dibangun tahun 2017 dan ditempati tahun 2018 tapi masih seperti baru."
33,04-01-2021,https://www.rumah.com/listing-properti/dijual-kebayoran-lama-oleh-syamsudin-18319812,8800000000,Jakarta ,230,650,6,5,0,0,2,1,7700,SHM,Kebayoran lama,"Rumah 3lantai Kebayoran Lama
Bismilahirrahmanirrahiim...

Dijual Cepat Rumah 3 lantai
didaerah kebayoran lama dekat permata hijau

Spesifikasi:

Luas tanah : 230 m2
Luas bangunan : 650 m2
Ada 4 kmr tidur +2
Ada 3 kmr mndi + 2
Full CCTV
7 mobil di garasi
2 mobil di car port
Kolam Renang
Listrik 7700 x 2
Semi furnished
Air pam dan air tanah
SHM
Harga :8,8 M nego

Lokasi strategis
5 menit ke plaza senayan
5 menit ke Senayan City
10 menit ke Gandaria City

More info hub :
Ncang Didin"
34,04-01-2021,https://www.rumah.com/listing-properti/dijual-pejaten-barat-oleh-syamsudin-18412376,6300000000,Jakarta ,276,330,5,5,0,0,1,1,3500,SHM,Pejaten barat,"New Cluster Pejaten
Sisa 3 unit lagi

Dijual Rumah baru siap huni dalam cluster dikawasan Pejaten Barat, Jakarta Selatan

1 unit
Bangunan 3 lantai
Luas tanah 276 meter
Luas bangunan 330 meter
KT 4+1
KM 4+1
Service area
Garasi + carport
Ruang tamu & keluarga
Taman belakang
SHM / IMB / PBB
Harga 6,9 milyar nego

2 unit
Luas tanah 235 meter
Luas bangunan 330 meter
KT 4+1
KM 4+1
Service area
Garasi + carport
Ruang tamu & keluarga
Taman belakang
SHM / IMB / PBB

Harga 6,3 Milyar_Nego

Hub
Syamsudin"
35,04-01-2021,https://www.rumah.com/listing-properti/dijual-bumi-bintaro-permai-oleh-syamsudin-18412300,3600000000,Jakarta ,245,184,5,4,0,0,2,1,2200,SHM,Bumi Bintaro Permai,"Rumah Secondary Bintaro Jaksel
Rumah dijual Cepat
Hunian dlm perumahan 
Jakarta selatan 
Pesanggrahan Bintaro 
Veteran Bintaro tanah kusir Petukangan 

Bangunan sangat kokoh 

Spesifikasi : 
Luas tanah : 245
Luas bangunan : 184
Kamar tidur : 4+1
Kamar mandi : 3+1

Master badroom lantai atas 
Kmr tdr pembantu : 1
Kmr mandi pembantu : 1
Gudang: 1
Dapur bersih dan dapur kotor
Service area cuci jemur cukup luas 
Air : Tanah
Garasi : 1
Carpot : 2

Hadap Timur

Dokumen surat 
SHM IMB PBB 

IDR 3,6milyard nego

Lokasi 
Jalan depan komplek perumahan cukup luas
Lingkungan asri
Security 24 Jam 
Akses gate 1 pintu

Toll JORR Bintaro bsd Serpong 5 menit 
Toll JORR Bintaro veteran
5 menit 
Toll JORR m Saidi raya Ciledug bandara Soeta 
6-7 menit

Hub
Syamsudin"
36,04-01-2021,https://www.rumah.com/listing-properti/dijual-jakarta-selatan-oleh-syamsudin-18406548,19000000000,Jakarta ,883,428,7,5,0,0,3,1,3500,SHM,Jakarta selatan,"Luxury Huose Fatmawati ( Swimming Pooll)
"
37,04-01-2021,https://www.rumah.com/listing-properti/dijual-rumah-di-jual-pondok-aren-tangerang-selatan-oleh-reuchman-18180873,1200000000,Jakarta ,83,95,3,3,0,0,1,0,2200,SHM,RUMAH DI JUAL PONDOK AREN TANGERANG SELATAN,"Cluster Kawasan Bintaro Kampus Stan,Bebas Banjir
Cluster Ekslusif 2 Lantai *Ready*, Aman dan nyaman dan Ramah lingkungan....

Spesifikasi :
TIPE 2 LANTAY
LT. 80m²
LB. 75m² ( actualnya kurleb100m² )
3 kamar tidur
2+1 kamar mandi
Carport
Mini Garden
listrik 2200 Watt
Bonus : Kanopi
*Harga : 1,2M*



Acces point
- 10 menit ke stasiun jurang Mangu xchange, dan pondok Ranji
- 10 menit ke sekolah Al Azhar
- 5 menit ke kampus Stan Bintaro
- 10 menit ke RS premier Bintaro
- 7 menit ke pasar tradisional ceger
- 10 menit ke tol jor pondok aren serta dekat dgn fasilitas""komersil lain nya.

Lokasi ; pondok aren jurang mangu timur tangerang selatana"
38,04-01-2021,https://www.rumah.com/listing-properti/dijual-rumah-nirmala-cengkareng-oleh-asun-ang-149299433,1750000000,Jakarta ,74,132,3,3,0,0,1,0,2200,Strata,Rumah Nirmala Cengkareng,"Dijual Rumah Nirmala Sumur Bor Cengkareng
dijual Rumah Nirmala sumur bor Cengkareng
lokasi ramai cocok untuk rumah tinggal + usaha laundry,aksesories motor dsb"
39,04-01-2021,https://www.rumah.com/listing-properti/dijual-rumah-jelambar-barat-oleh-asun-ang-14988632,2500000000,Jakarta ,90,170,2,2,0,0,0,0,3500,SHM,Rumah Jelambar barat,"Dijual Rumah Jelambar Barat
dijual Rumah Jelambar barat cocok untuk rumah tinggal,kost2an,konveksi dan lain2"
40,04-01-2021,https://www.rumah.com/listing-properti/dijual-greencourt-cengkareng-oleh-asun-ang-15869795,2000000000,Jakarta ,90,145,3,1,0,0,2,0,2200,SHGB,GreenCourt cengkareng,"Dijual Rumah Siap Huni Di GreenCourt Cengkareng
dijual Rumah Siap Huni di GreenCourt cengkareng, lokasi dekat sekolah Cinta Kasih Tzu Chi , Pah tsung,SMA Duta Bangsa,RSUD Cengkareng,Tol Jorr"
41,04-02-2021,https://www.rumah.com/listing-properti/dijual-perumahan-kota-wisata-oleh-regina-laminewah-18171675,900000000,Jakarta ,105,80,3,2,0,0,1,0,2200,SHM,Perumahan Kota Wisata,"Di Jual Cepat, Strategis, Harga Bawah Pasar, Dekat Mal, Exit Tol."
42,04-02-2021,https://www.rumah.com/listing-properti/dijual-perumahan-kota-wisata-oleh-regina-laminewah-18179070,1600000000,Jakarta ,136,100,3,2,0,0,1,0,2200,SHM,Perumahan Kota Wisata,"Di Jual Cepat, Strategis, Kondisi Bagus, Lingkungan Nyaman dan Aman."
43,04-02-2021,https://www.rumah.com/listing-properti/dijual-kemang-raya-jakarta-selatan-oleh-nurhidayat-17351373,55000000000,Jakarta ,1500,1200,6,6,3,1,8,2,7700,SHM,Kemang raya Jakarta selatan,Rumah Mewah Kemang Jakarta Selatan
44,04-02-2021,https://www.rumah.com/listing-properti/dijual-rumah-siap-huni-jual-cepat-di-puri-indah-kembangan-jakarta-barat-oleh-anda-18371172,2750000000,Jakarta ,120,140,3,2,0,1,0,0,2200,SHM,Rumah Siap Huni Jual Cepat di Puri Indah Kembangan Jakarta Barat,Rumah Jual Cepat Siap Huni di Komplek Puri Indah Kembangan Jakarta Barat
45,04-02-2021,https://www.rumah.com/listing-properti/dijual-edenhaus-simatupang-oleh-suharjo-16478707,6783000000,Jakarta ,240,222,4,4,0,0,2,0,6600,SHM,Edenhaus Simatupang,Dijual rumah edenhaus Simatupang Cluster within cluster seluas 2 Ha
46,04-02-2021,https://www.rumah.com/listing-properti/dijual-dijual-cepat-rumah-siap-huni-di-graha-raya-bintaro-oleh-anda-17985684,1495000000,Jakarta ,124,160,4,2,1,1,2,0,2200,SHM,Dijual Cepat Rumah Siap Huni Di Graha Raya Bintaro,Dijual Cepat Rumah Siap Huni di Graha Raya Bintaro
47,04-02-2021,https://www.rumah.com/listing-properti/dijual-jual-cepat-murah-rumah-mewah-siap-huni-di-pondok-indah-oleh-fathia-thalib-s-i-kom-18426152,10000000000,Jakarta ,238,157,3,3,1,1,3,1,13200,SHM,Jual Cepat Murah Rumah Mewah Siap Huni Di Pondok Indah,Lokasi Strategis Selangkah ke PIM dan Tempat Sarana Umum Lainnya
48,04-02-2021,https://www.rumah.com/listing-properti/dijual-rumah-minimalis-2-lantai-siap-huni-di-graha-raya-bintaro-oleh-anda-18407014,1400000000,Jakarta ,72,86,3,2,0,0,1,0,2200,SHM,Rumah minimalis 2 lantai siap huni di graha raya bintaro,Dijual Cepat Rumah Minimalis Siap Huni di Graha Raya Bintaro
49,04-02-2021,https://www.rumah.com/listing-properti/dijual-townhouse-cipete-lokasi-strategis-oleh-dian-fitria-18095979,5700000000,Jakarta ,154,300,4,4,1,1,1,1,7700,SHM,Townhouse Cipete Lokasi Strategis,Rumah 3lt dalam townhouse di Cipete
50,04-02-2021,https://www.rumah.com/listing-properti/dijual-2-bedrooms-rumah-pasar-rebo-jakarta-timur-dki-jakarta-oleh-graha-satria-pratama-18411917,900000000,Jakarta ,43,49,2,1,0,0,1,0,1300,SHM,"2 Bedrooms Rumah Pasar Rebo, Jakarta Timur, DKI Jakarta",Perumahan D'Puspita Residence 6 Jakarta Timur
51,04-02-2021,https://www.rumah.com/listing-properti/dijual-jl-johar-baru-jakarta-pusat-johar-baru-dki-jakarta-oleh-jajang-subana-18423318,795000000,Jakarta ,25,50,2,1,0,0,1,0,2200,SHM,"Jl johar baru jakarta pusat johar baru, , DKI JAKARTA",Rumah Minimalis Modern Harga Murah Di Jakarta Pusat
52,04-02-2021,https://www.rumah.com/listing-properti/dijual-di-jual-rumah-real-estate-lt-oleh-eno-ida-nurhuda-18420281,550000000,Jakarta ,136,45,2,1,0,0,1,0,1300,SHM,Di jual Rumah real estate lt,"Rumah Minimalis Murah, tanah luas, di Citra Indah City, sebuah kawasan seluas 1200 Ha yang sedang berkembang menjadi kota mandiri persembahan Group Ciputra di Timur Cibubur Selatan Cikarang,tersedia banyak pilihan rumah hook"
53,04-02-2021,https://www.rumah.com/listing-properti/dijual-citra-garden-city-2-extension-oleh-deddy-liu-18082764,2975000000,Jakarta ,128,212,4,3,1,1,1,0,3500,SHM,Citra Garden City 2 Extension,Dijual Rumah Minimalis
54,04-02-2021,https://www.rumah.com/listing-properti/dijual-perumahan-jatinegara-indah-oleh-dina-kumala-dewi-18267446,1750000000,Jakarta ,120,88,3,2,0,0,1,0,2200,SHM,Perumahan Jatinegara Indah,Perumahan dengan fasilitas 24 jam
55,04-02-2021,https://www.rumah.com/listing-properti/dijual-rumah-jakarta-timur-bambu-apus-cipayung-oleh-dian-17944222,1190000000,Jakarta ,45,64,2,2,0,0,1,0,2200,SHM,Rumah Jakarta Timur | Bambu Apus - Cipayung,Rumah Milenial - 2 Lantai. Lokasi Premium - 2 menit dari Toll Jorr
56,04-02-2021,https://www.rumah.com/listing-properti/dijual-jual-rugi-rumah-uk-8x15-hook-di-pik-2-tahap-1-oleh-herliana-ciu-18418482,3750000000,Jakarta ,165,175,3,3,0,0,2,0,2200,SHM,Jual rugi rumah uk 8x15 hook di pik 2 tahap 1,RUMAH 8x15 PIK - PIK 2
57,04-02-2021,https://www.rumah.com/listing-properti/dijual-rumah-pik-2-6x10-termurah-sebelum-dibeli-orang-oleh-herliana-ciu-18410068,1550000000,Jakarta ,79,60,2,2,1,1,2,0,0,SHM,"RUMAH PIK 2 6x10 TERMURAH, SEBELUM DIBELI ORANG",RUMAH 6x10 PIK - PIK 2
58,04-02-2021,https://www.rumah.com/listing-properti/dijual-green-garden-oleh-yovita-18403684,1990000000,Jakarta ,96,150,3,3,1,0,1,0,4400,SHM,Green Garden,Jual Cepat Rumah di Green Garden Renov Sangat Terawat & Sangat Terjaga
59,04-02-2021,https://www.rumah.com/listing-properti/dijual-bintaro-oleh-yeheskiel-jordan-18044219,3500000000,Jakarta ,390,500,4,5,2,0,5,0,3500,SHM,Bintaro,"Dijual rumah jakarta selatan bintaro, siap huni,bangunan kokoh,murah"
60,04-02-2021,https://www.rumah.com/listing-properti/dijual-rumah-mewah-dalam-komplek-siap-huni-di-lebak-bulus-lebak-bulus-jakarta-selatan-oleh-indah-18426284,"5,500,000,000.00",Jakarta ,174,232,4,3,1,1,2,0,5500,SHM,"RUMAH MEWAH DALAM KOMPLEK SIAP HUNI DI LEBAK BULUS, LEBAK BULUS JAKARTA SELATAN",Rumah Mewah Dalam Komplek Siap Huni Di Lebak Bulus Jakarta Selatan
61,04-02-2021,https://www.rumah.com/listing-properti/dijual-jatibening-alif-premiere-oleh-astik-18346146,1500000000,Jakarta ,70,100,3,2,0,0,1,0,2200,SHM,Perumahan Alief Jatibenting,For Sale!!
62,04-02-2021,https://www.rumah.com/listing-properti/dijual-cluster-carten-oleh-revaldy-muhammad-17721820,1300000000,Jakarta ,90,70,4,2,0,0,1,1,2200,SHM,Cluster Carten,
63,04-02-2021,https://www.rumah.com/listing-properti/dijual-dijual-rumah-buaran-indah-jakarta-timur-lokasi-strategis-oleh-mariani-ang-18311729,200000000,Jakarta ,97,101,4,3,0,0,0,1,2200,SHM,Dijual rumah buaran indah Jakarta Timur lokasi strategus,Rumah mewah dalam komplek lebak bulus jakarta selatan
64,04-02-2021,https://www.rumah.com/listing-properti/dijual-perum-jatinegara-indah-jln-gunung-lawu-oleh-rokib-str-17839326,3000000000,Jakarta ,90,70,2,1,0,0,1,0,2200,SHM,"Perum Jatinegara indah , jln gunung lawu",layout lapang
65,04-02-2021,https://www.rumah.com/listing-properti/dijual-rumah-komp-abadi-duren-sawit-oleh-hamzah-hamzah-10884710,7000000000,Jakarta ,332,600,5,5,1,1,1,1,3500,SHM,Rumah komp abadi Duren Sawit,pencahayaan bagus
66,04-02-2021,https://www.rumah.com/listing-properti/dijual-cluster-exclusive-3lantai-mewah-dan-berkelas-oleh-cicilia-18136433,2300000000,Jakarta ,74,150,4,4,0,0,1,0,4400,SHM,Cluster exclusive 3lantai mewah dan berkelas,
67,04-01-2021,https://www.rumah.com/listing-properti/dijual-rumah-mewah-di-buaran-oleh-dodo-sugra-16680451,325000000,Jakarta ,160,250,5,4,0,0,1,1,3500,SHM,Rumah mewah di Buaran,lokasi strategis
68,04-01-2021,https://www.rumah.com/listing-properti/dijual-rumah-buaran-258m-oleh-dodo-sugra-18418822,3100000000,Jakarta ,258,210,5,3,0,0,0,1,3500,SHM,Rumah Buaran 258 M,dekat tb simatupang
69,03-31-2021,https://www.rumah.com/listing-properti/dijual-hanya-5-juta-rumah-dekat-stasiun-oleh-sri-radonna-sinaga-17907481,1300000000,Jakarta ,105,88,3,2,0,0,2,0,2200,SHM,Hanya 5 juta rumah dekat stasiun,dekat sekolahan
70,03-31-2021,https://www.rumah.com/listing-properti/dijual-rumah-modern-dikawasan-super-block-oleh-sri-radonna-sinaga-17907701,1100000000,Jakarta ,90,69,3,2,0,0,2,0,2200,SHM,Rumah modern dikawasan super block,dekat pondok indah
71,03-31-2021,https://www.rumah.com/listing-properti/dijual-buaran-duren-sawit-jakarta-timur-oleh-sujono-17795844,245000000,Jakarta ,120,180,4,3,1,0,3,0,2200,SHM,Buaran duren sawit jakarta timur,dekat rumah sakit
72,03-31-2021,https://www.rumah.com/listing-properti/dijual-rumah-di-duren-sawit-cocok-utk-renov-oleh-rahayu-18274102,140000000,Jakarta ,102,90,3,2,0,0,1,0,2200,SHM,Rumah Di Buaran Harus Renov Turun Harga,dekat citos
73,03-29-2021,https://www.rumah.com/listing-properti/dijual-rumah-kos-krt-radjiman-buaran-oleh-hamzah-17964659,3000000000,Jakarta ,229,400,10,10,0,0,0,0,2200,SHM,Rumah Kos KRT Radjiman Buaran,
74,03-29-2021,https://www.rumah.com/listing-properti/dijual-rumah-buaran-duren-sawit-oleh-hamzah-17913448,550000000,Jakarta ,216,330,6,6,0,0,4,0,3500,SHM,Rumah Buaran Duren Sawit,luas tanah 174 m
75,03-29-2021,https://www.rumah.com/listing-properti/dijual-rumah-mewah-di-jalan-boulevard-oleh-hamzah-17885005,750000000,Jakarta ,350,500,7,7,0,0,5,0,3500,SHM,Rumah mewah di jalan boulevard,luas bangunan 232 m
76,03-29-2021,https://www.rumah.com/listing-properti/dijual-dijual-rumah-megah-2-lantai-di-daerah-buaran-1-pintu-gate-jakarta-timur-oleh-oka-lie-18327054,4800000000,Jakarta ,320,300,7,5,1,0,2,1,4500,SHM,Dijual Rumah Megah 2 Lantai Di Buaran,kamar tidur 4+1
77,03-29-2021,https://www.rumah.com/listing-properti/dijual-rumah-kav-ptb-duren-sawit-oleh-hamzah-17456258,5000000000,Jakarta ,313,420,6,4,1,1,2,2,4400,SHM,Rumah Kav PTB Duren sawit,kamar mandi 3+1
78,03-29-2021,https://www.rumah.com/listing-properti/dijual-rumah-buaran-regency-duren-sawit-oleh-hamzah-17885117,450000000,Jakarta ,330,200,5,5,1,0,4,0,3500,SHM,Rumah Buaran Regency Duren sawit,bangunan 3 lantai
79,03-29-2021,https://www.rumah.com/listing-properti/dijual-rumah-cilungup-buaran-duren-sawit-oleh-hamzah-17888954,1500000000,Jakarta ,128,100,3,2,0,0,0,0,2200,SHM,Rumah Cilungup Buaran Duren sawit,listrik 5500 watt
80,03-29-2021,https://www.rumah.com/listing-properti/dijual-rumah-buaran-duren-sawit-oleh-hamzah-17885280,1200000000,Jakarta ,80,140,3,2,0,0,1,0,2200,SHM,Rumah Buaran Duren sawit,1 line tlp
81,04-01-2021,"Dijual Rumah Siap Huni di Cipinang Pondok Bambu Duren Sawit Jakarta Timur, Cipinang, Jakarta Timur, DKI Jakarta, 3 Kamar Tidur, 125 m², Rumah dijual, Oleh Wanti ., Rp 3,551085 M, 17360056",3551085000,Jakarta ,143,125,3,2,1,1,2,0,2200,"SHM, IMB",Dijual Rumah Siap Huni di Cipinang Pondok Bambu Duren Sawit Jakarta Timur,4 unit ac
82,04-01-2021,"PERUMAHAN SUNTER DANAU INDAH, SUNTER DANAU INDAH, Koja, Jakarta Utara, DKI Jakarta, 5 Kamar Tidur, 176 m², Rumah dijual, Oleh HARTONO ., Rp 4,1 M, 16875707",4100000000,Jakarta ,184,176,5,3,0,0,3,0,3500,SHM,PERUMAHAN SUNTER DANAU INDAH,bangunan baru tahun 2019
83,04-01-2021,https://www.rumah.com/listing-properti/dijual-rumah-dijual-dalam-komplek-2lantai-hadap-timur-ada-taman-dpn-blkg-oleh-ano-sumarno-16718189,9500000000,Jakarta ,378,360,5,3,1,1,1,1,0,SHM,"Rumah Dijual Dalam Komplek, 2lantai, Hadap Timur, Ada Taman Dpn Blkg",shm
84,04-01-2021,https://www.rumah.com/listing-properti/dijual-di-jual-rumah-di-sunter-dekat-kemayoran-oleh-lia-18423343,2250000000,Jakarta ,170,250,3,3,1,0,3,0,2200,SHM,Di jual Rumah di Sunter dekat kemayoran,
85,04-01-2021,https://www.rumah.com/listing-properti/dijual-perumahan-bintaro-jaya-sektor-1-jakarta-selatan-oleh-iin-agustina-17836304,4500000000,Jakarta ,350,300,4,2,0,0,2,1,2200,SHM,Perumahan Bintaro. Jaya Sektor 1 jakarta Selatan,Harga Rp.5.5 M
86,04-01-2021,https://www.rumah.com/listing-properti/dijual-rumah-murah-di-cluster-laseine-jakarta-garden-city-jakarta-timur-oleh-mutia-17977382,1580000000,Jakarta ,102,89,4,1,1,1,1,0,2200,PPJB,"Rumah Murah di Cluster Laseine , Jakarta Garden City, Jakarta Timur",
87,04-01-2021,https://www.rumah.com/listing-properti/dijual-jual-murah-rumah-lama-siap-huni-area-rawamangun-oleh-raihany-18410470,2500000000,Jakarta ,135,120,3,3,0,0,0,1,2200,SHM,"JUAL MURAH. .RUMAH LAMA SIAP HUNI, Area Rawamangun.",more info
88,04-01-2021,https://www.rumah.com/listing-properti/dijual-rumah-oleh-ine-17355597,20000000000,Jakarta ,550,1000,6,6,2,0,7,1,11000,SHM,Rumah,Indah
89,04-01-2021,https://www.rumah.com/listing-properti/dijual-2-bedrooms-rumah-kalisari-jakarta-timur-dki-jakarta-oleh-graha-satria-pratama-18411901,900000000,Jakarta ,43,49,2,1,0,0,1,0,1300,SHM,"2 Bedrooms Rumah Kalisari, Jakarta Timur, DKI Jakarta",82213420829
90,04-01-2021,https://www.rumah.com/listing-properti/dijual-tb-simatupang-antasari-rumah-mewah-zonasi-vertikal-r-7-harga-bersahabat-oleh-nina-ika-dewandari-15309581,30000000000,Jakarta ,1198,550,4,3,0,0,7,1,10600,SHM,"TB Simatupang, Antasari Rumah Mewah Zonasi Vertikal R. 7 Harga Bersahabat",Hanya 1 menit ke Indomaret
91,04-01-2021,https://www.rumah.com/listing-properti/dijual-rumah-tanjung-duren-oleh-adut-sugianto-17764763,1200000000,Jakarta ,55,110,3,1,0,0,0,0,2200,SHGB,Rumah Tanjung Duren,"Hanya 1 menit ke ATM BNI, MANDIRI, BCA, BANK DKI dan BRI"
92,04-01-2021,https://www.rumah.com/listing-properti/dijual-rumah-pluit-kencana-mewah-rapi-bagus-siap-huni-jalanan-lebar-oleh-harry-chang-17553420,8000000000,Jakarta ,325,500,5,5,1,1,1,1,5500,SHM,"Rumah Pluit Kencana, Mewah, Rapi, Bagus, Siap Huni, Jalanan Lebar",Hanya 2 menit ke JORR
93,04-01-2021,https://www.rumah.com/listing-properti/dijual-taman-aries-oleh-lenny-wong-18155092,2200000000,Jakarta ,120,80,2,2,1,1,1,0,2200,SHM,Taman Aries,Hanya 4 menit ke RS Adhyaksa
94,04-01-2021,https://www.rumah.com/listing-properti/dijual-rumah-minimalis-indent-last-unit-strategis-cijantung-pasar-rebo-jakarta-timur-oleh-yulianto-18316863,1175000000,Jakarta ,89,100,4,3,0,0,2,0,2200,SHM,Rumah Minimalis Indent Last Unit Strategis Cijantung Pasar Rebo Jakarta Timur,Hanya 5 menit ke pusat jajanan GREEN TERRACE
95,04-01-2021,https://www.rumah.com/listing-properti/dijual-modern-house-selangkah-akses-toll-desari-oleh-allan-dody-17129954,2250000000,Jakarta ,107,140,3,3,1,1,2,0,2200,SHM,MODERN HOUSE SELANGKAH AKSES TOLL DESARI,Hanya 5 menit ke TMII Jakarta
96,04-01-2021,https://www.rumah.com/listing-properti/dijual-perumahan-duri-kosambi-oleh-hans-joseph-tjahjadi-18400728,6500000000,Jakarta ,417,468,6,3,1,1,4,0,5500,SHM,perumahan duri kosambi,Hanya 5 menit ke terminal dan stasiun LRT Kp. Rambutan
97,04-01-2021,https://www.rumah.com/listing-properti/dijual-di-jual-cepat-murah-3-rumah-luas-tanah-1080-m2-lingkungan-asri-bukit-cireundeu-deket-mrt-cocok-untuk-oleh-abdullah-rifky-said-ss-17525142,6600000000,Jakarta ,1080,600,6,6,0,0,4,0,2200,SHM,DI JUAL CEPAT MURAH 3 RUMAH LUAS TANAH 1080 m2 LINGKUNGAN ASRI BUKIT CIREUNDEU DEKET MRT COCOK UNTUK,Hanya 5 menit ke MCD Cipayung
98,04-01-2021,https://www.rumah.com/listing-properti/dijual-bangunan-artistik-luas-500m-di-permata-buana-oleh-seandy-salim-16151002,28000000000,Jakarta ,500,1000,4,4,0,0,3,3,16500,SHM,"Bangunan Artistik, luas 500m di Permata Buana",Hanya 5 menit ke stasiun LRT Ciracas
99,04-01-2021,https://www.rumah.com/listing-properti/dijual-rumah-full-bata-merah-di-jln-benda-jagakarsa-oleh-iko-17681042,1700000000,Jakarta ,100,165,4,4,0,0,2,0,2200,SHM,"Rumah full bata merah Di jln Benda Jagakarsa
",Hanya 10 menit ke MABES TNI
100,04-01-2021,https://www.rumah.com/listing-properti/dijual-the-wiladatika-residence-oleh-sri-mulyanto-18425324,875000000,Jakarta ,72,70,2,1,0,0,1,0,2200,SHM,The Wiladatika Residence,Hanya 10 menit ke TAMINI SQUARE
,,,,,,,,,,,,,,,,
,,,,,,,,,,,,,,,,Hubungi team marketing kami di:
,,,,,,,,,,,,,,,,0811 1281 951 - 0811 901 951
,,,,,,,,,,,,,,,,
,,,,,,,,,,,,,,,,Cara Bayar :
,,,,,,,,,,,,,,,,Cash Keras
,,,,,,,,,,,,,,,,Cash Bertahap
,,,,,,,,,,,,,,,,Kpr
,,,,,,,,,,,,,,,,
,,,,,,,,,,,,,,,,Minat Hubungi :
,,,,,,,,,,,,,,,,Sales In House
,,,,,,,,,,,,,,,,
,,,,,,,,,,,,,,,,
,,,,,,,,,,,,,,,,JAJANG
,,,,,,,,,,,,,,,,
,,,,,,,,,,,,,,,,85648077749
,,,,,,,,,,,,,,,,Cash
,,,,,,,,,,,,,,,,Cash Bertahap 8 bln
,,,,,,,,,,,,,,,,KPR Min Dp.20% (BTN & BNI Syariah)
,,,,,,,,,,,,,,,,
,,,,,,,,,,,,,,,,Booking Fee 25 jt